<?xml version="1.0" encoding="UTF-8" standalone="yes"?>
<jaxb:bindings version="2.0" xmlns:jaxb="http://java.sun.com/xml/ns/jaxb"
	xmlns:xjc="http://java.sun.com/xml/ns/jaxb/xjc" 
	xmlns:xs="http://www.w3.org/2001/XMLSchema">
	<jaxb:bindings schemaLocation="map11.xsd" node="/xs:schema">
		<jaxb:globalBindings>
			<xjc:simple />
		</jaxb:globalBindings>
		<jaxb:bindings node="//xs:complexType[@name='mapType']">
			<jaxb:class name="DataMap" />
		</jaxb:bindings>
	</jaxb:bindings>

</jaxb:bindings>